{
  "symptom_model": {
    "accuracy": 1.0,
    "precision_weighted": 1.0,
    "recall_weighted": 1.0,
    "f1_weighted": 1.0,
    "roc_auc": 1.0
  },
  "diabetes_model": {
    "accuracy": 0.95675,
    "precision_weighted": 0.9570676837507037,
    "recall_weighted": 0.95675,
    "f1_weighted": 0.9569044103174745,
    "roc_auc": 0.9688766634522661
  },
  "heart_model": {
    "accuracy": 1.0,
    "precision_weighted": 1.0,
    "recall_weighted": 1.0,
    "f1_weighted": 1.0,
    "roc_auc": 1.0
  },
  "lifestyle_risk_model": {
    "accuracy": 0.7428428051687367,
    "precision_weighted": 0.8041112675482895,
    "recall_weighted": 0.7428428051687367,
    "f1_weighted": 0.763159145861572,
    "roc_auc": 0.7807663894611335
  }
}